"file","md5"
"zhao-2020-table-simulations-task-001-of-120.rds","8b79d648fee4428e8674277e77758fea"
"zhao-2020-table-simulations-task-002-of-120.rds","302730919fc3bb4865065d344de03aa8"
"zhao-2020-table-simulations-task-003-of-120.rds","a8676d8f5bf2c2004d1d400e9623ec97"
"zhao-2020-table-simulations-task-005-of-120.rds","6f2eb6973012ffdc2fc5cb760a67a2d7"
"zhao-2020-table-simulations-task-006-of-120.rds","9174eec7cf5321d74b14d66510d4d8b8"
"zhao-2020-table-simulations-task-007-of-120.rds","239116373333dc8a5c881f9045c02160"
"zhao-2020-table-simulations-task-008-of-120.rds","0db7a084684dd840b5cdef9ece8486ce"
"zhao-2020-table-simulations-task-009-of-120.rds","4545833fd7fc3085907c5ee150f4f333"
"zhao-2020-table-simulations-task-010-of-120.rds","6ff543fc9965e8866f5fcda868289c5d"
"zhao-2020-table-simulations-task-011-of-120.rds","82b53774d608c4904b1902f377dc8907"
"zhao-2020-table-simulations-task-013-of-120.rds","39a52721e5c15c377c7960c058bbd26e"
"zhao-2020-table-simulations-task-014-of-120.rds","9285cb69bf34091cb9b907b6edfc9ecb"
"zhao-2020-table-simulations-task-015-of-120.rds","63fc002e691323ebd4945ee1ddf5a23b"
"zhao-2020-table-simulations-task-017-of-120.rds","2ae9f49941ebded8ac8c5190cb74b6ca"
"zhao-2020-table-simulations-task-018-of-120.rds","97f41e9b869eef809e26b4477eaf538d"
"zhao-2020-table-simulations-task-019-of-120.rds","a7bcd22121de037a80004bf66606d5d5"
"zhao-2020-table-simulations-task-020-of-120.rds","ae78e93854477ccac2c8d188e624d0d4"
"zhao-2020-table-simulations-task-022-of-120.rds","54b7fc28e946c6c15d96a3a6fe264cad"
"zhao-2020-table-simulations-task-023-of-120.rds","9277dd2270a4dcc9a2ac72413f433879"
"zhao-2020-table-simulations-task-025-of-120.rds","7f9ab4615f473f50a799bb1abbe2bf20"
"zhao-2020-table-simulations-task-026-of-120.rds","250f6d0b6ef05e29e223a3417b918655"
"zhao-2020-table-simulations-task-027-of-120.rds","d25ca73d88e55ec69f95e8807c86dbc1"
"zhao-2020-table-simulations-task-029-of-120.rds","6601867644d43cd4609c867103f14b62"
"zhao-2020-table-simulations-task-030-of-120.rds","7e43e06c45e722d689d2df58f5795b34"
"zhao-2020-table-simulations-task-031-of-120.rds","e6e038dba12d8c91bdc96890f29c1ddb"
"zhao-2020-table-simulations-task-034-of-120.rds","2a61ab6834c9a03b41d837b8414e8405"
"zhao-2020-table-simulations-task-035-of-120.rds","4d971ce28556471d7554aa4bf48b52d7"
"zhao-2020-table-simulations-task-038-of-120.rds","962d71fedec020a9507dd8008dfbaea6"
"zhao-2020-table-simulations-task-039-of-120.rds","a61c2dae6e0b7b48bba4d228571dd88a"
"zhao-2020-table-simulations-task-041-of-120.rds","131e3c8dcaa656c3b06fee6be75769b3"
"zhao-2020-table-simulations-task-042-of-120.rds","ff7f32c91d10b41df6f4ad9d78cb6eb2"
"zhao-2020-table-simulations-task-043-of-120.rds","0d8d14a6c7f2db7c33f583ea33acdbcf"
"zhao-2020-table-simulations-task-045-of-120.rds","42943e7e862a6b1ff15d88cbe268bfde"
"zhao-2020-table-simulations-task-046-of-120.rds","00cfd9ddba045af808eced4065e96a9b"
"zhao-2020-table-simulations-task-047-of-120.rds","c5a5587e978e648b08d0b5b5af88ae17"
"zhao-2020-table-simulations-task-048-of-120.rds","9b9ce4c3e2215066e21c3e8312d11368"
"zhao-2020-table-simulations-task-049-of-120.rds","af74179c93f44aa00ddd49167c1f5619"
"zhao-2020-table-simulations-task-050-of-120.rds","9b322ccc93115cbe9be47d28d743c361"
"zhao-2020-table-simulations-task-051-of-120.rds","d9342fcfbafce73c868b8f64e5fca4e7"
"zhao-2020-table-simulations-task-052-of-120.rds","96620e9f5b77feb7fe83771850f84762"
"zhao-2020-table-simulations-task-053-of-120.rds","09169cec517e3ec13dcbc1e92ada4f11"
"zhao-2020-table-simulations-task-054-of-120.rds","ad230ea162151f6874565b36da5f1ff8"
"zhao-2020-table-simulations-task-055-of-120.rds","31d2abf01d1542fa3f4a8eb47915c9f4"
"zhao-2020-table-simulations-task-056-of-120.rds","a29c8110f14f5abd3774d215a3b32561"
"zhao-2020-table-simulations-task-057-of-120.rds","e3b688cedf13e9521185b88db59aff06"
"zhao-2020-table-simulations-task-058-of-120.rds","c6618a87d491b0de38b33a26d1e7e56d"
"zhao-2020-table-simulations-task-059-of-120.rds","ee28b04e8e4a229940263901740f6036"
"zhao-2020-table-simulations-task-060-of-120.rds","cc1065b9108b518148dd4d28680e2b59"
"zhao-2020-table-simulations-task-061-of-120.rds","2d0a23c6075b9f24e2db61b84d4f1744"
"zhao-2020-table-simulations-task-062-of-120.rds","8c91fff921b9d7ab73ce2f764aa38983"
"zhao-2020-table-simulations-task-063-of-120.rds","20afb11e060115200160260ff2e20dc8"
"zhao-2020-table-simulations-task-064-of-120.rds","51579f55009db39322123b056575db68"
"zhao-2020-table-simulations-task-065-of-120.rds","f57a758433cff577df1aada72762b022"
"zhao-2020-table-simulations-task-066-of-120.rds","114255ee7aa76efe9b3081a9384e5b33"
"zhao-2020-table-simulations-task-067-of-120.rds","0c8d64166cdbf7ae2ccfa3c45d485f62"
"zhao-2020-table-simulations-task-068-of-120.rds","ea189ba12cf0c517664247222099fa9f"
"zhao-2020-table-simulations-task-069-of-120.rds","28c3381451820f1bd136337629ce3324"
"zhao-2020-table-simulations-task-070-of-120.rds","bcf555110e1fa72a6a08b2459c85238d"
"zhao-2020-table-simulations-task-071-of-120.rds","783d2af777846f7a73a1fb2168f07584"
"zhao-2020-table-simulations-task-072-of-120.rds","898c914b46d59937b941e061d2be88a6"
"zhao-2020-table-simulations-task-073-of-120.rds","4f6a2b5abfab56b41e2c05e6e75d8f04"
"zhao-2020-table-simulations-task-074-of-120.rds","ed9a94364924fd2c627b193ac2a8e4da"
"zhao-2020-table-simulations-task-075-of-120.rds","5dc79281759f33caec98eb215afbcbec"
"zhao-2020-table-simulations-task-076-of-120.rds","98ae2ed165249991a8781eefa48428f0"
"zhao-2020-table-simulations-task-077-of-120.rds","409e61845e5b57b3c7a80f1a7bde153e"
"zhao-2020-table-simulations-task-078-of-120.rds","7d8ec560c2f5583723fcd826bef04a74"
"zhao-2020-table-simulations-task-079-of-120.rds","41949ef2b7d5dd11eec0fd6e7f9cdab4"
"zhao-2020-table-simulations-task-080-of-120.rds","f96f0482c7ac24840cc74558055d0a52"
"zhao-2020-table-simulations-task-081-of-120.rds","f1ad1030e9c40d98822bad98fe8ca34a"
"zhao-2020-table-simulations-task-082-of-120.rds","99702f7f2418868d3f1449fc714c7bd3"
"zhao-2020-table-simulations-task-083-of-120.rds","1ab4d7e7ea30c09d1f1b3e04568f382f"
"zhao-2020-table-simulations-task-084-of-120.rds","970edecc67078a6479920d831b3c4df8"
"zhao-2020-table-simulations-task-085-of-120.rds","6fa1ea16f5472960d90d5432db2ce5d6"
"zhao-2020-table-simulations-task-086-of-120.rds","162136a2e35d88a7c197c6c0b30411cd"
"zhao-2020-table-simulations-task-087-of-120.rds","69a3fffe944407429c85e3e95551a24c"
"zhao-2020-table-simulations-task-088-of-120.rds","b66f70f6595ef4f2a5d1d35d2bc3f42a"
"zhao-2020-table-simulations-task-089-of-120.rds","0cc2d90adf24a57b7adaf220c10824d6"
"zhao-2020-table-simulations-task-090-of-120.rds","aa8147b4cabb4aaccc469a08ad35035c"
"zhao-2020-table-simulations-task-091-of-120.rds","99d3c7a7c7e7c5fb33d9990a1a21a48b"
"zhao-2020-table-simulations-task-092-of-120.rds","0c99768341daac88bcac284b40e8337d"
"zhao-2020-table-simulations-task-093-of-120.rds","6d4878bea7b39d69168e6a6e8b276fe1"
"zhao-2020-table-simulations-task-094-of-120.rds","e33ddcd962cc5dae94bf22cc9e1ae2c8"
"zhao-2020-table-simulations-task-095-of-120.rds","6a7069679c351371ca1f854dce1f89bc"
"zhao-2020-table-simulations-task-096-of-120.rds","4f7b3ca997570f4cfdd2c0b2eee607ac"
"zhao-2020-table-simulations-task-097-of-120.rds","85e0a55af21e329a2f823ce89dcfd296"
"zhao-2020-table-simulations-task-098-of-120.rds","d3c6a46658a1b2268cc1764342f6b390"
"zhao-2020-table-simulations-task-099-of-120.rds","6f1b9b0ad27c14a1507df0dd457573c7"
"zhao-2020-table-simulations-task-100-of-120.rds","3279419889adfcbe9abe51622799ba40"
"zhao-2020-table-simulations-task-101-of-120.rds","d1d2d134c6e031dd2f2ecc93095b8828"
"zhao-2020-table-simulations-task-102-of-120.rds","1318a5c63370cd4080c36194fa089fcb"
"zhao-2020-table-simulations-task-103-of-120.rds","26e9983157f3ed2ee6917e24f44ffc04"
"zhao-2020-table-simulations-task-104-of-120.rds","4e80326b72681223754442bef59d1e1c"
"zhao-2020-table-simulations-task-105-of-120.rds","4540694ce1f901d15db6871eef8eb2e2"
"zhao-2020-table-simulations-task-106-of-120.rds","ea257082b96fafbacffd7c0c00ec10ab"
"zhao-2020-table-simulations-task-107-of-120.rds","0909cf62c8f7a75fb37f901622fcf51f"
"zhao-2020-table-simulations-task-108-of-120.rds","a25d4fe81d70f55c104757a9fca0d91b"
"zhao-2020-table-simulations-task-109-of-120.rds","697e9a8c4c289226fbdebac1568807ee"
"zhao-2020-table-simulations-task-110-of-120.rds","71d7019ccb48b790fdc78b461b8c548c"
"zhao-2020-table-simulations-task-111-of-120.rds","eff85762bbfd04affa4e0ffba6e4bccf"
"zhao-2020-table-simulations-task-112-of-120.rds","bc9f4318950a3b148197d25b1b8ca367"
"zhao-2020-table-simulations-task-113-of-120.rds","49bf2c48b0c013575bd3a47d1c1b4d9a"
"zhao-2020-table-simulations-task-114-of-120.rds","7deb04fa79cab763e05012a312150696"
"zhao-2020-table-simulations-task-115-of-120.rds","cb422a6174c749125f17d47b97b82eee"
"zhao-2020-table-simulations-task-116-of-120.rds","507e82017b3016901e9b58b5258dd1dd"
"zhao-2020-table-simulations-task-117-of-120.rds","ea21d7a908f9da5970ebe7dc4bc9856a"
"zhao-2020-table-simulations-task-118-of-120.rds","7a41c2ee1ad9f31c5ae8fde53c72e0fa"
"zhao-2020-table-simulations-task-119-of-120.rds","e074edf0636eb8f9632fff6a77ce9175"
"zhao-2020-table-simulations-task-120-of-120.rds","36ff442bbdc574015b9921d722daac1b"
