"table","distribution","heterogeneity","test","log_time_shift","task_id","paper_value","paper_printed_value","paper_n_sim","paper_page","z_low","z_high","n_sim","treatment_time_multiplier","empirical_rejection","monte_carlo_se","mean_z","sd_z","mean_completed_events","generator_version","input_file","available","variance_method","design_eligible","estimate","local_mc_se","paper_mc_se","difference","combined_mc_se","comparison_margin","comparison","rejection_ci_low","rejection_ci_high","nominal_p","nominal_p_holm"
"table1","exponential","medium","logrank",0,1,1.007,1.007,100000,93,0.1,1.9,100000,1,0.02784,0.000520239698600559,-0.00226349165435296,1.02240008229007,2.69649795,"legacy_unversioned","zhao-2020-table-simulations-task-001-of-120.rds",TRUE,"pooled_risk",TRUE,1.02240008229007,0.00228616751506812,0.002251731712029,0.0154000822900657,0.00320887170356027,0.00678927296998781,"discrepant",0.026838344348523,0.0288779299219515,,
"table1","weibull","medium","logrank",0,2,1.015,1.015,100000,93,0.1,1.9,100000,1,0.02867,0.000527712337358148,0.000551719218592048,1.03057554543105,2.7021614,"legacy_unversioned","zhao-2020-table-simulations-task-002-of-120.rds",TRUE,"pooled_risk",TRUE,1.03057554543105,0.00230444849780405,0.00226962034529238,0.0155755454310507,0.00323444885425577,0.00683940326417815,"discrepant",0.0276536694863329,0.0297225410183746,,
"table1","lognormal","medium","logrank",0,3,1.009,1.009,100000,93,0.1,1.9,100000,1,0.02703,0.000512829202561633,0.00587039978242513,1.02384026205189,2.04155765,"legacy_unversioned","zhao-2020-table-simulations-task-003-of-120.rds",TRUE,"pooled_risk",TRUE,1.02384026205189,0.00228938787101719,0.00225620387034484,0.0148402620518864,0.00321430439263609,0.00679992084491563,"discrepant",0.0260428965972514,0.0280534399024654,,
"table1","loglogistic","medium","logrank",0,4,1.009,1.009,100000,93,,,,,,,,,,,,FALSE,"pooled_risk",FALSE,,,0.00225620387034484,,,,"missing",,,,
"table1","exponential","medium","peto_prentice",0,5,1.005,1.005,100000,93,0.1,1.9,100000,1,0.02509,0.000494575493731746,-0.00133277964456702,1.00096593926061,2.6974177,"legacy_unversioned","zhao-2020-table-simulations-task-005-of-120.rds",TRUE,"pooled_risk",TRUE,1.00096593926061,0.002238239074572,0.00224725955371315,-0.00403406073939228,0.00317173291068083,0.00671648227351483,"compatible",0.0241387395851773,0.0260777459574163,,
"table1","weibull","medium","peto_prentice",0,6,1.007,1.007,100000,93,0.1,1.9,100000,1,0.0258,0.000501341799573903,-0.0086939565398125,1.0050716267289,2.70238195,"legacy_unversioned","zhao-2020-table-simulations-task-006-of-120.rds",TRUE,"pooled_risk",TRUE,1.0050716267289,0.0022474197167488,0.002251731712029,-0.00192837327109729,0.00318138194597698,0.00673539403518083,"compatible",0.0248354536729501,0.0268009773230236,,
"table1","lognormal","medium","peto_prentice",0,7,1.006,1.006,100000,93,0.1,1.9,100000,1,0.02561,0.00049954106838177,0.0033741810220795,1.00458507347516,2.04170585,"legacy_unversioned","zhao-2020-table-simulations-task-007-of-120.rds",TRUE,"pooled_risk",TRUE,1.00458507347516,0.00224633174515888,0.00224949563287107,-0.00141492652484065,0.0031790308132534,0.00673078589971974,"compatible",0.0246489895276675,0.026607456065289,,
"table1","loglogistic","medium","peto_prentice",0,8,0.997,0.997,100000,93,,,,,,,,,,,,FALSE,"pooled_risk",FALSE,,,0.00222937092044976,,,,"missing",,,,
"table1","exponential","medium","gehan_breslow",0,9,1.004,1.004,100000,93,0.1,1.9,100000,1,0.02646,0.000507541805174707,7.99180282989425e-05,1.00915818435505,2.6965105,"legacy_unversioned","zhao-2020-table-simulations-task-009-of-120.rds",TRUE,"pooled_risk",TRUE,1.00915818435505,0.00225655758308427,0.00224502347455522,0.00515818435504722,0.00318310894049813,0.00673877888224379,"compatible",0.0254832792918584,0.0274731009988067,,
"table1","weibull","medium","gehan_breslow",0,10,1.003,1.003,100000,93,0.1,1.9,100000,1,0.02558,0.000499256082586882,0.000594767044224655,1.00349193021599,2.70267885,"legacy_unversioned","zhao-2020-table-simulations-task-010-of-120.rds",TRUE,"pooled_risk",TRUE,1.00349193021599,0.00224388739030044,0.0022427873953973,0.000491930215993364,0.00317255826129361,0.00671809993099048,"compatible",0.0246195491129909,0.0265768987847524,,
"table1","lognormal","medium","gehan_breslow",0,11,1.003,1.003,100000,93,0.1,1.9,100000,1,0.02565,0.000499920768722405,-0.00625834474137907,1.00202501102439,2.0420655,"legacy_unversioned","zhao-2020-table-simulations-task-011-of-120.rds",TRUE,"pooled_risk",TRUE,1.00202501102439,0.00224060724286973,0.0022427873953973,-0.000974988975611879,0.00317023912627317,0.00671355450987515,"compatible",0.0246882439637852,0.0266481985561223,,
"table1","loglogistic","medium","gehan_breslow",0,12,0.998,0.998,100000,93,,,,,,,,,,,,FALSE,"pooled_risk",FALSE,,,0.00223160699960768,,,,"missing",,,,
"table2","exponential","low","logrank",0,13,0.027,27,100000,94,0.5,1.5,100000,1,0.02802,0.000521870478184003,0.00452439360128028,1.02804657728477,1.81150655,"legacy_unversioned","zhao-2020-table-simulations-task-013-of-120.rds",TRUE,"pooled_risk",TRUE,0.02802,0.000521870478184003,0.000512552436341883,0.00102,0.000731477132930347,0.0019336688360581,"compatible",0.0270151418528251,0.0290611185889288,1.8904472744132e-09,5.86038655068091e-08
"table2","weibull","low","logrank",0,14,0.029,29,100000,94,0.5,1.5,100000,1,0.03007,0.000540053655667657,-0.00509939749233169,1.03333762754115,1.7032242,"legacy_unversioned","zhao-2020-table-simulations-task-014-of-120.rds",TRUE,"pooled_risk",TRUE,0.03007,0.000540053655667657,0.000530650544143695,0.00107,0.000757131396126194,0.00198395026797187,"compatible",0.029029432172045,0.0311466707759473,2.25037762143267e-23,7.87632167501435e-22
"table2","lognormal","low","logrank",0,15,0.027,27,100000,94,0.5,1.5,100000,1,0.03013,0.000540575462817172,-0.000204081059989025,1.03364896685907,1.26044655,"legacy_unversioned","zhao-2020-table-simulations-task-015-of-120.rds",TRUE,"pooled_risk",TRUE,0.03013,0.000540575462817172,0.000512552436341883,0.00313,0.000744937467845456,0.00196005060771156,"discrepant",0.0290884073514938,0.031207690986925,7.26955334599508e-24,2.61703920455823e-22
"table2","loglogistic","low","logrank",0,16,0.026,26,100000,94,,,,,,,,,,,,FALSE,"pooled_risk",FALSE,,,0.000503229569878401,,,,"missing",,,,
"table2","exponential","medium","logrank",0,17,0.026,26,100000,94,0.1,1.9,100000,1,0.02841,0.000525384353592682,0.00141250627673651,1.0230920296917,2.6965572,"legacy_unversioned","zhao-2020-table-simulations-task-017-of-120.rds",TRUE,"pooled_risk",TRUE,0.02841,0.000525384353592682,0.000503229569878401,0.00241,0.000727508569708976,0.00192589059507384,"discrepant",0.0273982412728032,0.0294579892067229,1.31435169546107e-11,4.33736059502154e-10
"table2","weibull","medium","logrank",0,18,0.027,27,100000,94,0.1,1.9,100000,1,0.02847,0.000525922609325745,-0.00351356135939874,1.02520386582202,2.7018812,"legacy_unversioned","zhao-2020-table-simulations-task-018-of-120.rds",TRUE,"pooled_risk",TRUE,0.02847,0.000525922609325745,0.000512552436341883,0.00147,0.000734373604509312,0.00193934581603511,"compatible",0.0274571842299691,0.0295190416399834,6.04202661280231e-12,2.05428904835278e-10
"table2","lognormal","medium","logrank",0,19,0.025,25,100000,94,0.1,1.9,100000,1,0.02767,0.000518694236520901,0.00341301061951004,1.02496168223971,2.0418882,"legacy_unversioned","zhao-2020-table-simulations-task-019-of-120.rds",TRUE,"pooled_risk",TRUE,0.02767,0.000518694236520901,0.000493710441453288,0.00267,0.000716096160442157,0.00190352268393404,"discrepant",0.0266713792735659,0.0287049080573668,1.04947964999994e-07,3.04349098499982e-06
"table2","loglogistic","medium","logrank",0,20,0.026,26,100000,94,,,,,,,,,,,,FALSE,"pooled_risk",FALSE,,,0.000503229569878401,,,,"missing",,,,
"table2","exponential","high","logrank",0,21,0.026,26,100000,94,,,,,,,,,,,,FALSE,"pooled_risk",TRUE,,,0.000503229569878401,,,,"missing",,,,
"table2","weibull","high","logrank",0,22,0.025,25,100000,94,0.01,1.99,100000,1,0.02816,0.000523134919499741,-0.00268812437376975,1.02361772715758,4.6341431,"legacy_unversioned","zhao-2020-table-simulations-task-022-of-120.rds",TRUE,"pooled_risk",TRUE,0.02816,0.000523134919499741,0.000493710441453288,0.00316,0.000719319222598701,0.0019098397696808,"discrepant",0.0271526587465055,0.0292035909395769,3.37356768907925e-10,1.07954166050536e-08
"table2","lognormal","high","logrank",0,23,0.026,26,100000,94,0.01,1.99,100000,1,0.02772,0.000519149319560375,-0.00372323286509253,1.02177500892537,3.54969695,"legacy_unversioned","zhao-2020-table-simulations-task-023-of-120.rds",TRUE,"pooled_risk",TRUE,0.02772,0.000519149319560375,0.000503229569878401,0.00172,0.000723018683022783,0.00191709057887424,"compatible",0.0267204855998095,0.028755797889812,5.98542365655995e-08,1.79562709696798e-06
"table2","loglogistic","high","logrank",0,24,0.025,25,100000,94,,,,,,,,,,,,FALSE,"pooled_risk",FALSE,,,0.000493710441453288,,,,"missing",,,,
"table2","exponential","low","peto_prentice",0,25,0.026,26,100000,94,0.5,1.5,100000,1,0.0262,0.000505109493080461,0.00206617776523182,1.007159283857,1.8108862,"legacy_unversioned","zhao-2020-table-simulations-task-025-of-120.rds",TRUE,"pooled_risk",TRUE,0.0262,0.000505109493080461,0.000503229569878401,0.000200000000000002,0.000713004628315974,0.00189746339230968,"compatible",0.0252280554476044,0.0272083448178793,0.015499061766008,0.402975605916208
"table2","weibull","low","peto_prentice",0,26,0.026,26,100000,94,0.5,1.5,100000,1,0.02585,0.000501814482652703,0.00288008128952632,1.00629619678765,1.70353305,"legacy_unversioned","zhao-2020-table-simulations-task-026-of-120.rds",TRUE,"pooled_risk",TRUE,0.02585,0.000501814482652703,0.000503229569878401,-0.000149999999999997,0.000710674169363148,0.00189289577669469,"compatible",0.0248845255228405,0.026851901631822,0.0851324309173953,1
"table2","lognormal","low","peto_prentice",0,27,0.025,25,100000,94,0.5,1.5,100000,1,0.02645,0.000507448494923376,0.00098751075650275,1.00772271542817,1.26033695,"legacy_unversioned","zhao-2020-table-simulations-task-027-of-120.rds",TRUE,"pooled_risk",TRUE,0.02645,0.000507448494923376,0.000493710441453288,0.00145,0.000707992920162342,0.00188764062482753,"compatible",0.0254734625196099,0.0274629185393175,0.00353594378015973,0.0990064258444725
"table2","loglogistic","low","peto_prentice",0,28,0.026,26,100000,94,,,,,,,,,,,,FALSE,"pooled_risk",FALSE,,,0.000503229569878401,,,,"missing",,,,
"table2","exponential","medium","peto_prentice",0,29,0.025,25,100000,94,0.1,1.9,100000,1,0.02554,0.000498875820219822,0.00695308931033499,1.00844207163974,2.6959464,"legacy_unversioned","zhao-2020-table-simulations-task-029-of-120.rds",TRUE,"pooled_risk",TRUE,0.02554,0.000498875820219822,0.000493710441453288,0.000539999999999999,0.000701873980141735,0.00187564772276358,"compatible",0.0245802957777888,0.0265361551930035,0.274047590378263,1
"table2","weibull","medium","peto_prentice",0,30,0.026,26,100000,94,0.1,1.9,100000,1,0.0259,0.00050228667113512,0.00161990734002077,1.00477955287007,2.7032883,"legacy_unversioned","zhao-2020-table-simulations-task-030-of-120.rds",TRUE,"pooled_risk",TRUE,0.0259,0.00050228667113512,0.000503229569878401,-9.99999999999994e-05,0.000711007665218878,0.00189354941656091,"compatible",0.0249335983415677,0.0269028249717835,0.0698483651553561,1
"table2","lognormal","medium","peto_prentice",0,31,0.025,25,100000,94,0.1,1.9,100000,1,0.02515,0.000495151264766637,-0.00185023085536998,1.00453380466398,2.0436157,"legacy_unversioned","zhao-2020-table-simulations-task-031-of-120.rds",TRUE,"pooled_risk",TRUE,0.02515,0.000495151264766637,0.000493710441453288,0.000149999999999997,0.000699231560357511,0.00187046867515447,"compatible",0.0241976090544498,0.0261388718785703,0.761256646807275,1
"table2","loglogistic","medium","peto_prentice",0,32,0.025,25,100000,94,,,,,,,,,,,,FALSE,"pooled_risk",FALSE,,,0.000493710441453288,,,,"missing",,,,
"table2","exponential","high","peto_prentice",0,33,0.026,26,100000,94,,,,,,,,,,,,FALSE,"pooled_risk",TRUE,,,0.000503229569878401,,,,"missing",,,,
"table2","weibull","high","peto_prentice",0,34,0.025,25,100000,94,0.01,1.99,100000,1,0.02558,0.000499256082586882,4.25927342810235e-06,1.0060473185627,4.63385395,"legacy_unversioned","zhao-2020-table-simulations-task-034-of-120.rds",TRUE,"pooled_risk",TRUE,0.02558,0.000499256082586882,0.000493710441453288,0.000579999999999997,0.000702144312801863,0.00187617756504128,"compatible",0.0246195491129909,0.0265768987847524,0.240071403751764,1
"table2","lognormal","high","peto_prentice",0,35,0.026,26,100000,94,0.01,1.99,100000,1,0.02475,0.000491298661711998,0.00303190556736623,1.00395318151848,3.5470301,"legacy_unversioned","zhao-2020-table-simulations-task-035-of-120.rds",TRUE,"pooled_risk",TRUE,0.02475,0.000491298661711998,0.000503229569878401,-0.00125,0.000703288258824218,0.00187841965804535,"compatible",0.0238051736028947,0.0257313380606155,0.619726105354828,1
"table2","loglogistic","high","peto_prentice",0,36,0.025,25,100000,94,,,,,,,,,,,,FALSE,"pooled_risk",FALSE,,,0.000493710441453288,,,,"missing",,,,
"table2","exponential","low","gehan_breslow",0,37,0.026,26,100000,94,,,,,,,,,,,,FALSE,"pooled_risk",TRUE,,,0.000503229569878401,,,,"missing",,,,
"table2","weibull","low","gehan_breslow",0,38,0.025,25,100000,94,0.5,1.5,100000,1,0.02539,0.000497446960991823,0.00499258465228097,1.00755610894891,1.70395775,"legacy_unversioned","zhao-2020-table-simulations-task-038-of-120.rds",TRUE,"pooled_risk",TRUE,0.02539,0.000497446960991823,0.000493710441453288,0.000389999999999998,0.000700859100675735,0.00187365859556157,"compatible",0.0244331014031015,0.0263833610916246,0.42955061156555,1
"table2","lognormal","low","gehan_breslow",0,39,0.026,26,100000,94,0.5,1.5,100000,1,0.02505,0.000494191233228595,-0.00239557162916364,1.00292791887536,1.2610546,"legacy_unversioned","zhao-2020-table-simulations-task-039-of-120.rds",TRUE,"pooled_risk",TRUE,0.02505,0.000494191233228595,0.000503229569878401,-0.000949999999999999,0.000705311969982078,0.00188238605902987,"compatible",0.0240994940816049,0.0260369945340377,0.919330598514722,1
"table2","loglogistic","low","gehan_breslow",0,40,0.025,25,100000,94,,,,,,,,,,,,FALSE,"pooled_risk",FALSE,,,0.000493710441453288,,,,"missing",,,,
"table2","exponential","medium","gehan_breslow",0,41,0.026,26,100000,94,0.1,1.9,100000,1,0.02576,0.000500963296060699,-0.00138798282208123,1.00431495183264,2.6980697,"legacy_unversioned","zhao-2020-table-simulations-task-041-of-120.rds",TRUE,"pooled_risk",TRUE,0.02576,0.000500963296060699,0.000503229569878401,-0.000239999999999997,0.000710073393389726,0.001891718277424,"compatible",0.0247961968924424,0.0267602371765803,0.123711241383616,1
"table2","weibull","medium","gehan_breslow",0,42,0.025,25,100000,94,0.1,1.9,100000,1,0.02632,0.000506233716775167,-0.00640786484693101,1.00354969380412,2.7023449,"legacy_unversioned","zhao-2020-table-simulations-task-042-of-120.rds",TRUE,"pooled_risk",TRUE,0.02632,0.000506233716775167,0.000493710441453288,0.00132,0.000707122744649046,0.00188593511216124,"compatible",0.0253458478983681,0.0273305431479686,0.00796481140776464,0.215049908009645
"table2","lognormal","medium","gehan_breslow",0,43,0.025,25,100000,94,0.1,1.9,100000,1,0.02571,0.00050048971917513,-0.00142343292014123,1.00169208725957,2.04162755,"legacy_unversioned","zhao-2020-table-simulations-task-043-of-120.rds",TRUE,"pooled_risk",TRUE,0.02571,0.00050048971917513,0.000493710441453288,0.000709999999999999,0.000703022018858585,0.00187789783730146,"compatible",0.0247471267933768,0.0267093111169572,0.150401652304007,1
"table2","loglogistic","medium","gehan_breslow",0,44,0.025,25,100000,94,,,,,,,,,,,,FALSE,"pooled_risk",FALSE,,,0.000493710441453288,,,,"missing",,,,
"table2","exponential","high","gehan_breslow",0,45,0.025,25,100000,94,0.01,1.99,100000,1,0.02488,0.000492554419328464,-0.00022400614960632,1.00538732063185,4.40421605,"legacy_unversioned","zhao-2020-table-simulations-task-045-of-120.rds",TRUE,"pooled_risk",TRUE,0.02488,0.000492554419328464,0.000493710441453288,-0.000120000000000002,0.000697395050168841,0.00186686918132743,"compatible",0.023932707952251,0.0258637937238499,0.81581830345571,1
"table2","weibull","high","gehan_breslow",0,46,0.024,24,100000,94,0.01,1.99,100000,1,0.02515,0.000495151264766637,-0.00273152781029904,1.00308019934709,4.6370205,"legacy_unversioned","zhao-2020-table-simulations-task-046-of-120.rds",TRUE,"pooled_risk",TRUE,0.02515,0.000495151264766637,0.000483983470792134,0.00115,0.000692397844450717,0.00185707483809657,"compatible",0.0241976090544498,0.0261388718785703,0.761256646807275,1
"table2","lognormal","high","gehan_breslow",0,47,0.025,25,100000,94,0.01,1.99,100000,1,0.02527,0.000496300585331108,0.000782469696145085,1.00177958233884,3.55459995,"legacy_unversioned","zhao-2020-table-simulations-task-047-of-120.rds",TRUE,"pooled_risk",TRUE,0.02527,0.000496300585331108,0.000493710441453288,0.000269999999999999,0.000700045906351862,0.00187206476397435,"compatible",0.02431535234451,0.0262611193693631,0.584450137512551,1
"table2","loglogistic","high","gehan_breslow",0,48,0.024,24,100000,94,,,,,,,,,,,,FALSE,"pooled_risk",FALSE,,,0.000483983470792134,,,,"missing",,,,
"table3","exponential","low","logrank",0.25,49,0.212,0.212,10000,95,0.5,1.5,10000,1.28402541668774,0.3209,0.00466822439477795,-1.49077190447924,1.02842038322408,1.6080475,"legacy_unversioned","zhao-2020-table-simulations-task-049-of-120.rds",TRUE,"pooled_risk",TRUE,0.3209,0.00466822439477795,0.00408724846320847,0.1089,0.00620466912897054,0.0126609280287698,"discrepant",0.311820720775888,0.330116827440488,,
"table3","weibull","low","logrank",0.25,50,0.46,0.46,10000,95,0.5,1.5,10000,1.28402541668774,0.7437,0.00436589406651146,-2.67172400963116,1.08121530942826,1.480562,"legacy_unversioned","zhao-2020-table-simulations-task-050-of-120.rds",TRUE,"pooled_risk",TRUE,0.7437,0.00436589406651146,0.00498397431775085,0.2837,0.00662578531194605,0.0134863005807087,"discrepant",0.735050555773584,0.752162283420548,,
"table3","lognormal","low","logrank",0.25,51,0.62,0.62,10000,95,0.5,1.5,10000,1.28402541668774,0.7083,0.00454544948272445,-2.55506447714247,1.06173614475005,1.0866045,"legacy_unversioned","zhao-2020-table-simulations-task-051-of-120.rds",TRUE,"pooled_risk",TRUE,0.7083,0.00454544948272445,0.00485386443980464,0.0883,0.00664989556308969,0.0135335558046085,"discrepant",0.699312447394385,0.717127578884391,,
"table3","loglogistic","low","logrank",0.25,52,0.325,0.325,10000,95,,,,,,,,,,,,FALSE,"pooled_risk",FALSE,,,0.0046837484987988,,,,"missing",,,,
"table3","exponential","medium","logrank",0.25,53,0.18,0.18,10000,95,0.1,1.9,10000,1.28402541668774,0.2384,0.00426104963594652,-1.24599113153149,1.01864472766057,2.3966205,"legacy_unversioned","zhao-2020-table-simulations-task-053-of-120.rds",TRUE,"pooled_risk",TRUE,0.2384,0.00426104963594652,0.00384187454245971,0.0584,0.0057372941357403,0.0117448898747638,"discrepant",0.230149949549962,0.246850958397576,,
"table3","weibull","medium","logrank",0.25,54,0.294,0.294,10000,95,0.1,1.9,10000,1.28402541668774,0.4871,0.00499833562298491,-1.9511613444511,1.04095030626921,2.3705715,"legacy_unversioned","zhao-2020-table-simulations-task-054-of-120.rds",TRUE,"pooled_risk",TRUE,0.4871,0.00499833562298491,0.00455591922667643,0.1931,0.00676311755036093,0.0137554668219182,"discrepant",0.477310275634392,0.496899631523571,,
"table3","lognormal","medium","logrank",0.25,55,0.361,0.361,10000,95,0.1,1.9,10000,1.28402541668774,0.4834,0.00499724364024809,-1.91990290777854,1.04949469129109,1.780684,"legacy_unversioned","zhao-2020-table-simulations-task-055-of-120.rds",TRUE,"pooled_risk",TRUE,0.4834,0.00499724364024809,0.00480290537071052,0.1224,0.0069311141961448,0.0140847341971781,"discrepant",0.473613835442178,0.493198913303729,,
"table3","loglogistic","medium","logrank",0.25,56,0.242,0.242,10000,95,,,,,,,,,,,,FALSE,"pooled_risk",FALSE,,,0.00428294291346499,,,,"missing",,,,
"table3","exponential","high","logrank",0.25,57,0.169,0.169,10000,95,0.01,1.99,10000,1.28402541668774,0.2347,0.00423811172575712,-1.20037791252986,1.04004804776847,3.904061,"legacy_unversioned","zhao-2020-table-simulations-task-057-of-120.rds",TRUE,"pooled_risk",TRUE,0.2347,0.00423811172575712,0.00374751917940389,0.0657,0.00565733956909076,0.0115881818037312,"discrepant",0.226496298613379,0.243107450922102,,
"table3","weibull","high","logrank",0.25,58,0.255,0.255,10000,95,0.01,1.99,10000,1.28402541668774,0.4456,0.00497031829966653,-1.82901762754781,1.03703232347214,4.080626,"legacy_unversioned","zhao-2020-table-simulations-task-058-of-120.rds",TRUE,"pooled_risk",TRUE,0.4456,0.00497031829966653,0.0043586121644395,0.1906,0.00661071584626052,0.0134567649706988,"discrepant",0.435881092818282,0.455360686204448,,
"table3","lognormal","high","logrank",0.25,59,0.31,0.31,10000,95,0.01,1.99,10000,1.28402541668774,0.4345,0.00495691184105588,-1.79884810714344,1.03260284306675,3.1217345,"legacy_unversioned","zhao-2020-table-simulations-task-059-of-120.rds",TRUE,"pooled_risk",TRUE,0.4345,0.00495691184105588,0.00462493243193887,0.1245,0.00677945241151525,0.0137874825614731,"discrepant",0.424811616168473,0.444238687618086,,
"table3","loglogistic","high","logrank",0.25,60,0.21,0.21,10000,95,,,,,,,,,,,,FALSE,"pooled_risk",FALSE,,,0.00407308237088326,,,,"missing",,,,
"table3","exponential","low","logrank",0.5,61,0.601,0.601,10000,95,0.5,1.5,10000,1.64872127070013,0.8085,0.00393481575172205,-2.85900672632199,1.02761004465455,1.456329,"legacy_unversioned","zhao-2020-table-simulations-task-061-of-120.rds",TRUE,"pooled_risk",TRUE,0.8085,0.00393481575172205,0.00489692760820497,0.2075,0.00628193242561554,0.0128123613075208,"discrepant",0.80067001023765,0.816093062767643,,
"table3","weibull","low","logrank",0.5,62,0.948,0.948,10000,95,0.5,1.5,10000,1.64872127070013,0.9985,0.00038700775186034,-5.10796632565453,1.08791535075235,1.307489,"legacy_unversioned","zhao-2020-table-simulations-task-062-of-120.rds",TRUE,"pooled_risk",TRUE,0.9985,0.00038700775186034,0.00222027025382047,0.0505000000000001,0.00225374688019751,0.00491726271545662,"discrepant",0.997526415450029,0.999090738174407,,
"table3","lognormal","low","logrank",0.5,63,0.989,0.989,10000,95,0.5,1.5,10000,1.64872127070013,0.9982,0.000423882059068324,-4.93699171796934,1.0633474754364,0.953924,"legacy_unversioned","zhao-2020-table-simulations-task-063-of-120.rds",TRUE,"pooled_risk",TRUE,0.9982,0.000423882059068324,0.00104302444841912,0.00919999999999999,0.0011258667771988,0.00270665833469982,"discrepant",0.997156312014971,0.998861072008487,,
"table3","loglogistic","low","logrank",0.5,64,0.828,0.828,10000,95,,,,,,,,,,,,FALSE,"pooled_risk",FALSE,,,0.00377380444644393,,,,"missing",,,,
"table3","exponential","medium","logrank",0.5,65,0.519,0.519,10000,95,0.1,1.9,10000,1.64872127070013,0.6914,0.00461915620000017,-2.48193493139372,1.04114069134759,2.166237,"legacy_unversioned","zhao-2020-table-simulations-task-065-of-120.rds",TRUE,"pooled_risk",TRUE,0.6914,0.00461915620000017,0.00499638869584823,0.1724,0.00680444736918436,0.0138364717782997,"discrepant",0.682274562943544,0.700378442480161,,
"table3","weibull","medium","logrank",0.5,66,0.786,0.786,10000,95,0.1,1.9,10000,1.64872127070013,0.956,0.00205095099892708,-3.7879881581311,1.0784540335501,2.113352,"legacy_unversioned","zhao-2020-table-simulations-task-066-of-120.rds",TRUE,"pooled_risk",TRUE,0.956,0.00205095099892708,0.00410126809657696,0.17,0.00458549888234639,0.0094874126605476,"discrepant",0.951802065822492,0.959847727663451,,
"table3","lognormal","medium","logrank",0.5,67,0.869,0.869,10000,95,0.1,1.9,10000,1.64872127070013,0.9573,0.00202179895142915,-3.71172948308779,1.04131150242654,1.582318,"legacy_unversioned","zhao-2020-table-simulations-task-067-of-120.rds",TRUE,"pooled_risk",TRUE,0.9573,0.00202179895142915,0.00337400355660749,0.0883,0.00393339179335087,0.00820930625205312,"discrepant",0.95315861562209,0.961090179468089,,
"table3","loglogistic","medium","logrank",0.5,68,0.695,0.695,10000,95,,,,,,,,,,,,FALSE,"pooled_risk",FALSE,,,0.00460407428263272,,,,"missing",,,,
"table3","exponential","high","logrank",0.5,69,0.478,0.478,10000,95,0.01,1.99,10000,1.64872127070013,0.6408,0.00479765942934677,-2.34237792873853,1.02719718359965,3.533976,"legacy_unversioned","zhao-2020-table-simulations-task-069-of-120.rds",TRUE,"pooled_risk",TRUE,0.6408,0.00479765942934677,0.00499515765516965,0.1628,0.00692597545476448,0.0140746624491468,"discrepant",0.631344343459171,0.650147522599647,,
"table3","weibull","high","logrank",0.5,70,0.71,0.71,10000,95,0.01,1.99,10000,1.64872127070013,0.9273,0.002596434285708,-3.50788110312545,1.07020431627268,3.663818,"legacy_unversioned","zhao-2020-table-simulations-task-070-of-120.rds",TRUE,"pooled_risk",TRUE,0.9273,0.002596434285708,0.00453762052181537,0.2173,0.00522795093703068,0.0107465955495226,"discrepant",0.922045331884742,0.932226503107678,,
"table3","lognormal","high","logrank",0.5,71,0.8,0.8,10000,95,0.01,1.99,10000,1.64872127070013,0.9223,0.00267698916695604,-3.43950664570015,1.04577720867022,2.788739,"legacy_unversioned","zhao-2020-table-simulations-task-071-of-120.rds",TRUE,"pooled_risk",TRUE,0.9223,0.00267698916695604,0.004,0.1223,0.0048131352567739,0.0099335717559968,"discrepant",0.916889536757489,0.927386138218638,,
"table3","loglogistic","high","logrank",0.5,72,0.614,0.614,10000,95,,,,,,,,,,,,FALSE,"pooled_risk",FALSE,,,0.00486830566008339,,,,"missing",,,,
"table3","exponential","low","peto_prentice",0.25,73,0.207,0.207,10000,95,0.5,1.5,10000,1.28402541668774,0.3172,0.00465386033309982,-1.47803865598714,1.01340964025095,1.6119615,"legacy_unversioned","zhao-2020-table-simulations-task-073-of-120.rds",TRUE,"pooled_risk",TRUE,0.3172,0.00465386033309982,0.00405155525693529,0.1102,0.0061703740567327,0.0125937109223364,"discrepant",0.308150277584626,0.326390112219693,,
"table3","weibull","low","peto_prentice",0.25,74,0.454,0.454,10000,95,0.5,1.5,10000,1.28402541668774,0.7326,0.00442602801617884,-2.57099324775955,0.988613451773792,1.4803985,"legacy_unversioned","zhao-2020-table-simulations-task-074-of-120.rds",TRUE,"pooled_risk",TRUE,0.7326,0.00442602801617884,0.0049787950349457,0.2786,0.00666169077637202,0.0135566739978318,"discrepant",0.723837032303733,0.741184331654228,,
"table3","lognormal","low","peto_prentice",0.25,75,0.645,0.645,10000,95,0.5,1.5,10000,1.28402541668774,0.7904,0.00407023144305087,-2.73805326886002,0.969994742910338,1.08564,"legacy_unversioned","zhao-2020-table-simulations-task-075-of-120.rds",TRUE,"pooled_risk",TRUE,0.7904,0.00407023144305087,0.00478513322698543,0.1454,0.00628206048999848,0.0128126123090991,"discrepant",0.782311732156419,0.798265241589891,,
"table3","loglogistic","low","peto_prentice",0.25,76,0.334,0.334,10000,95,,,,,,,,,,,,FALSE,"pooled_risk",FALSE,,,0.00471639692986076,,,,"missing",,,,
"table3","exponential","medium","peto_prentice",0.25,77,0.18,0.18,10000,95,0.1,1.9,10000,1.28402541668774,0.2462,0.00430796425240507,-1.27542466937519,1.00576657861902,2.398277,"legacy_unversioned","zhao-2020-table-simulations-task-077-of-120.rds",TRUE,"pooled_risk",TRUE,0.2462,0.00430796425240507,0.00384187454245971,0.0662,0.00577222279542292,0.01181334878977,"discrepant",0.237855062747665,0.254739854825291,,
"table3","weibull","medium","peto_prentice",0.25,78,0.287,0.287,10000,95,0.1,1.9,10000,1.28402541668774,0.441,0.00496506797536549,-1.8102348961851,0.992943743932406,2.3670915,"legacy_unversioned","zhao-2020-table-simulations-task-078-of-120.rds",TRUE,"pooled_risk",TRUE,0.441,0.00496506797536549,0.00452361581038885,0.154,0.00671677005710334,0.0136646274043596,"discrepant",0.431293143704854,0.450752168102886,,
"table3","lognormal","medium","peto_prentice",0.25,79,0.36,0.36,10000,95,0.1,1.9,10000,1.28402541668774,0.4557,0.00498033643441886,-1.84502469655078,1.00455831694691,1.78034,"legacy_unversioned","zhao-2020-table-simulations-task-079-of-120.rds",TRUE,"pooled_risk",TRUE,0.4557,0.00498033643441886,0.0048,0.0957,0.00691691773841499,0.0140569096513196,"discrepant",0.445957590597628,0.465476431658014,,
"table3","loglogistic","medium","peto_prentice",0.25,80,0.247,0.247,10000,95,,,,,,,,,,,,FALSE,"pooled_risk",FALSE,,,0.0043126673880558,,,,"missing",,,,
"table3","exponential","high","peto_prentice",0.25,81,0.165,0.165,10000,95,0.01,1.99,10000,1.28402541668774,0.2114,0.00408301408275798,-1.17555726501951,0.99497352225308,3.9210845,"legacy_unversioned","zhao-2020-table-simulations-task-081-of-120.rds",TRUE,"pooled_risk",TRUE,0.2114,0.00408301408275798,0.00371180549059349,0.0464,0.00551801631023323,0.0113151132341617,"discrepant",0.20350903055312,0.219512613306435,,
"table3","weibull","high","peto_prentice",0.25,82,0.242,0.242,10000,95,0.01,1.99,10000,1.28402541668774,0.363,0.00480864845876677,-1.61716248833041,1.00206077626362,4.0978795,"legacy_unversioned","zhao-2020-table-simulations-task-082-of-120.rds",TRUE,"pooled_risk",TRUE,0.363,0.00480864845876677,0.00428294291346499,0.121,0.00643946426343061,0.0131211180360567,"discrepant",0.353629492855054,0.372475722698511,,
"table3","lognormal","high","peto_prentice",0.25,83,0.293,0.293,10000,95,0.01,1.99,10000,1.28402541668774,0.3825,0.00485997685179672,-1.66237584096244,0.997783264335634,3.1159505,"legacy_unversioned","zhao-2020-table-simulations-task-083-of-120.rds",TRUE,"pooled_risk",TRUE,0.3825,0.00485997685179672,0.0045513844047718,0.0895,0.00665841385015981,0.0135502513404759,"discrepant",0.373021462372405,0.392068777244704,,
"table3","loglogistic","high","peto_prentice",0.25,84,0.212,0.212,10000,95,,,,,,,,,,,,FALSE,"pooled_risk",FALSE,,,0.00408724846320847,,,,"missing",,,,
"table3","exponential","low","peto_prentice",0.5,85,0.595,0.595,10000,95,0.5,1.5,10000,1.64872127070013,0.8111,0.00391429163451064,-2.81476750186397,0.98328249009461,1.4542305,"legacy_unversioned","zhao-2020-table-simulations-task-085-of-120.rds",TRUE,"pooled_risk",TRUE,0.8111,0.00391429163451064,0.00490892045158607,0.2161,0.00627846947910078,0.0128055740570715,"discrepant",0.803309210394928,0.818651865818837,,
"table3","weibull","low","peto_prentice",0.5,86,0.948,0.948,10000,95,0.5,1.5,10000,1.64872127070013,0.999,0.000316069612585582,-4.8380857282827,0.935782956435968,1.309606,"legacy_unversioned","zhao-2020-table-simulations-task-086-of-120.rds",TRUE,"pooled_risk",TRUE,0.999,0.000316069612585582,0.00222027025382047,0.051,0.00224265467693981,0.00489552239656234,"discrepant",0.998160055612562,0.999456714013503,,
"table3","lognormal","low","peto_prentice",0.5,87,0.992,0.992,10000,95,0.5,1.5,10000,1.64872127070013,0.9996,0.000199959995999189,-5.05270178715434,0.91305036499862,0.9524465,"legacy_unversioned","zhao-2020-table-simulations-task-087-of-120.rds",TRUE,"pooled_risk",TRUE,0.9996,0.000199959995999189,0.000890842298052804,0.00760000000000005,0.000913008214639932,0.00228946321828348,"discrepant",0.998971871664643,0.999844437163377,,
"table3","loglogistic","low","peto_prentice",0.5,88,0.846,0.846,10000,95,,,,,,,,,,,,FALSE,"pooled_risk",FALSE,,,0.00360948749824681,,,,"missing",,,,
"table3","exponential","medium","peto_prentice",0.5,89,0.521,0.521,10000,95,0.1,1.9,10000,1.64872127070013,0.6996,0.00458431936060305,-2.47965872686862,0.99781538743937,2.166558,"legacy_unversioned","zhao-2020-table-simulations-task-089-of-120.rds",TRUE,"pooled_risk",TRUE,0.6996,0.00458431936060305,0.00499558805347278,0.1786,0.00678025692728528,0.0137890593834074,"discrepant",0.690539651416646,0.70850705643378,,
"table3","weibull","medium","peto_prentice",0.5,90,0.781,0.781,10000,95,0.1,1.9,10000,1.64872127070013,0.9365,0.00243860103337959,-3.46208512630384,0.978903075921723,2.1104525,"legacy_unversioned","zhao-2020-table-simulations-task-090-of-120.rds",TRUE,"pooled_risk",TRUE,0.9365,0.00243860103337959,0.00413568615830554,0.1555,0.00480111185039466,0.00991000631252198,"discrepant",0.931550793554185,0.941113975868214,,
"table3","lognormal","medium","peto_prentice",0.5,91,0.872,0.872,10000,95,0.1,1.9,10000,1.64872127070013,0.9537,0.00210134028657902,-3.56038526451184,0.958147541706132,1.5819115,"legacy_unversioned","zhao-2020-table-simulations-task-091-of-120.rds",TRUE,"pooled_risk",TRUE,0.9537,0.00210134028657902,0.00334089808285138,0.0817,0.00394680009628053,0.00823558604288905,"discrepant",0.949404335565625,0.957647224312823,,
"table3","loglogistic","medium","peto_prentice",0.5,92,0.711,0.711,10000,95,,,,,,,,,,,,FALSE,"pooled_risk",FALSE,,,0.00453297915283095,,,,"missing",,,,
"table3","exponential","high","peto_prentice",0.5,93,0.471,0.471,10000,95,0.01,1.99,10000,1.64872127070013,0.6316,0.00482370645873067,-2.29165681395647,0.98974852085081,3.534336,"legacy_unversioned","zhao-2020-table-simulations-task-093-of-120.rds",TRUE,"pooled_risk",TRUE,0.6316,0.00482370645873067,0.00499158291526846,0.1606,0.00694147275439442,0.0141050365982791,"discrepant",0.622096855193506,0.641002076435332,,
"table3","weibull","high","peto_prentice",0.5,94,0.683,0.683,10000,95,,,,,,,,,,,,FALSE,"pooled_risk",TRUE,,,0.00465307425257754,,,,"missing",,,,
"table3","lognormal","high","peto_prentice",0.5,95,0.781,0.781,10000,95,0.01,1.99,10000,1.64872127070013,0.888,0.00315366453510832,-3.16559697770344,0.986326979788811,2.8021285,"legacy_unversioned","zhao-2020-table-simulations-task-095-of-120.rds",TRUE,"pooled_risk",TRUE,0.888,0.00315366453510832,0.00413568615830554,0.107,0.00520091338132063,0.0106936029141009,"discrepant",0.881669330835519,0.894032686428836,,
"table3","loglogistic","high","peto_prentice",0.5,96,0.617,0.617,10000,95,,,,,,,,,,,,FALSE,"pooled_risk",FALSE,,,0.00486118298359566,,,,"missing",,,,
"table3","exponential","low","gehan_breslow",0.25,97,0.181,0.181,10000,95,0.5,1.5,10000,1.28402541668774,0.2994,0.00457995240149939,-1.42705606858912,0.999116402401074,1.607182,"legacy_unversioned","zhao-2020-table-simulations-task-097-of-120.rds",TRUE,"pooled_risk",TRUE,0.2994,0.00457995240149939,0.00385018181388879,0.1184,0.00598329875570324,0.0122270500699217,"discrepant",0.290501881404424,0.308452178741892,,
"table3","weibull","low","gehan_breslow",0.25,98,0.391,0.391,10000,95,0.5,1.5,10000,1.28402541668774,0.7254,0.0044631249142277,-2.53852753141791,0.984218460588741,1.4812015,"legacy_unversioned","zhao-2020-table-simulations-task-098-of-120.rds",TRUE,"pooled_risk",TRUE,0.7254,0.0044631249142277,0.00487974384573617,0.3344,0.00661297089060583,0.0134611847763992,"discrepant",0.716567134088796,0.734059759445703,,
"table3","lognormal","low","gehan_breslow",0.25,99,0.664,0.664,10000,95,0.5,1.5,10000,1.28402541668774,0.7836,0.00411790043590177,-2.72161297569371,0.970045569324044,1.087412,"legacy_unversioned","zhao-2020-table-simulations-task-099-of-120.rds",TRUE,"pooled_risk",TRUE,0.7836,0.00411790043590177,0.00472338861412016,0.1196,0.00626637885863917,0.012781876876416,"discrepant",0.775420976457911,0.791561219666242,,
"table3","loglogistic","low","gehan_breslow",0.25,100,0.334,0.334,10000,95,,,,,,,,,,,,FALSE,"pooled_risk",FALSE,,,0.00471639692986076,,,,"missing",,,,
"table3","exponential","medium","gehan_breslow",0.25,101,0.164,0.164,10000,95,0.1,1.9,10000,1.28402541668774,0.2438,0.00429373450506666,-1.25295330369686,1.00426383758153,2.3972465,"legacy_unversioned","zhao-2020-table-simulations-task-101-of-120.rds",TRUE,"pooled_risk",TRUE,0.2438,0.00429373450506666,0.00370275573053368,0.0798,0.00566979329429213,0.0116125906565993,"discrepant",0.235483856191915,0.252312904573219,,
"table3","weibull","medium","gehan_breslow",0.25,102,0.247,0.247,10000,95,0.1,1.9,10000,1.28402541668774,0.414,0.00492548474771773,-1.73354299315045,0.999499433442035,2.3749385,"legacy_unversioned","zhao-2020-table-simulations-task-102-of-120.rds",TRUE,"pooled_risk",TRUE,0.414,0.00492548474771773,0.0043126673880558,0.167,0.00654671673436388,0.0133313290163389,"discrepant",0.404381048347324,0.423684999372432,,
"table3","lognormal","medium","gehan_breslow",0.25,103,0.33,0.33,10000,95,0.1,1.9,10000,1.28402541668774,0.4405,0.00496447127094115,-1.80336466421733,0.998375037419021,1.782024,"legacy_unversioned","zhao-2020-table-simulations-task-103-of-120.rds",TRUE,"pooled_risk",TRUE,0.4405,0.00496447127094115,0.0047021271782035,0.1105,0.00683783408690208,0.0139019085425884,"discrepant",0.430794504546448,0.450251191259662,,
"table3","loglogistic","medium","gehan_breslow",0.25,104,0.23,0.23,10000,95,,,,,,,,,,,,FALSE,"pooled_risk",FALSE,,,0.00420832508250016,,,,"missing",,,,
"table3","exponential","high","gehan_breslow",0.25,105,0.149,0.149,10000,95,0.01,1.99,10000,1.28402541668774,0.2096,0.00407023144305087,-1.13480449891801,1.00814475350876,3.9221775,"legacy_unversioned","zhao-2020-table-simulations-task-105-of-120.rds",TRUE,"pooled_risk",TRUE,0.2096,0.00407023144305087,0.00356088472152638,0.0606,0.00540802034019844,0.011099525094449,"discrepant",0.201734758410109,0.21768826784358,,
"table3","weibull","high","gehan_breslow",0.25,106,0.193,0.193,10000,95,0.01,1.99,10000,1.28402541668774,0.33,0.0047021271782035,-1.53182754024694,0.986955975001581,4.106701,"legacy_unversioned","zhao-2020-table-simulations-task-106-of-120.rds",TRUE,"pooled_risk",TRUE,0.33,0.0047021271782035,0.00394653012151181,0.137,0.00613881910468129,0.0125318643527817,"discrepant",0.320850818197845,0.339279741248185,,
"table3","lognormal","high","gehan_breslow",0.25,107,0.251,0.251,10000,95,0.01,1.99,10000,1.28402541668774,0.3481,0.00476367914536653,-1.55517446214213,0.99867525713813,3.1264535,"legacy_unversioned","zhao-2020-table-simulations-task-107-of-120.rds",TRUE,"pooled_risk",TRUE,0.3481,0.00476367914536653,0.00433588514608033,0.0971,0.00644147025142552,0.0131250497002802,"discrepant",0.338823300357538,0.357493358347473,,
"table3","loglogistic","high","gehan_breslow",0.25,108,0.191,0.191,10000,95,,,,,,,,,,,,FALSE,"pooled_risk",FALSE,,,0.00393089048435593,,,,"missing",,,,
"table3","exponential","low","gehan_breslow",0.5,109,0.532,0.532,10000,95,0.5,1.5,10000,1.64872127070013,0.7858,0.00410266206261252,-2.75103334203498,0.993018734415177,1.455069,"legacy_unversioned","zhao-2020-table-simulations-task-109-of-120.rds",TRUE,"pooled_risk",TRUE,0.7858,0.00410266206261252,0.00498974949271003,0.2538,0.00645983250556855,0.0131610390570755,"discrepant",0.777649978373553,0.793730528157768,,
"table3","weibull","low","gehan_breslow",0.5,110,0.91,0.91,10000,95,0.5,1.5,10000,1.64872127070013,0.998,0.000446766158073774,-4.70375289840319,0.932415909310362,1.307548,"legacy_unversioned","zhao-2020-table-simulations-task-110-of-120.rds",TRUE,"pooled_risk",TRUE,0.998,0.000446766158073774,0.00286181760425084,0.088,0.00289648062310108,0.00617699770319624,"discrepant",0.996912649335349,0.998704888287457,,
"table3","lognormal","low","gehan_breslow",0.5,111,0.995,0.995,10000,95,0.5,1.5,10000,1.64872127070013,0.9996,0.000199959995999189,-5.04192848575353,0.864463945062087,0.9526245,"legacy_unversioned","zhao-2020-table-simulations-task-111-of-120.rds",TRUE,"pooled_risk",TRUE,0.9996,0.000199959995999189,0.000705336798983295,0.00460000000000005,0.000733133002940119,0.00193691428164033,"discrepant",0.998971871664643,0.999844437163377,,
"table3","loglogistic","low","gehan_breslow",0.5,112,0.852,0.852,10000,95,,,,,,,,,,,,FALSE,"pooled_risk",FALSE,,,0.00355099985919459,,,,"missing",,,,
"table3","exponential","medium","gehan_breslow",0.5,113,0.482,0.482,10000,95,0.1,1.9,10000,1.64872127070013,0.6765,0.00467811660820891,-2.43272477144954,0.987367967664786,2.166591,"legacy_unversioned","zhao-2020-table-simulations-task-113-of-120.rds",TRUE,"pooled_risk",TRUE,0.6765,0.00467811660820891,0.0049967589495592,0.1945,0.00684487947300754,0.0139157172456123,"discrepant",0.667264794278384,0.685599654296768,,
"table3","weibull","medium","gehan_breslow",0.5,114,0.718,0.718,10000,95,0.1,1.9,10000,1.64872127070013,0.923,0.00266591447724791,-3.33970783707975,0.962549466022053,2.1164355,"legacy_unversioned","zhao-2020-table-simulations-task-114-of-120.rds",TRUE,"pooled_risk",TRUE,0.923,0.00266591447724791,0.00449973332543163,0.205,0.00523017208129905,0.010750948912293,"discrepant",0.917610951032145,0.928064186346263,,
"table3","lognormal","medium","gehan_breslow",0.5,115,0.834,0.834,10000,95,0.1,1.9,10000,1.64872127070013,0.9335,0.00249154068800812,-3.41639312163921,0.942908699278278,1.5806195,"legacy_unversioned","zhao-2020-table-simulations-task-115-of-120.rds",TRUE,"pooled_risk",TRUE,0.9335,0.00249154068800812,0.00372080636421731,0.0995,0.00447796549785726,0.0092766510998132,"discrepant",0.928448307450339,0.938218765962285,,
"table3","loglogistic","medium","gehan_breslow",0.5,116,0.688,0.688,10000,95,,,,,,,,,,,,FALSE,"pooled_risk",FALSE,,,0.00463309831538248,,,,"missing",,,,
"table3","exponential","high","gehan_breslow",0.5,117,0.422,0.422,10000,95,0.01,1.99,10000,1.64872127070013,0.5967,0.00490559996330724,-2.20400681783572,0.9885824518309,3.547132,"legacy_unversioned","zhao-2020-table-simulations-task-117-of-120.rds",TRUE,"pooled_risk",TRUE,0.5967,0.00490559996330724,0.00493878527575354,0.1747,0.00696107111010942,0.0141434486696367,"discrepant",0.587049842600597,0.606275892114515,,
"table3","weibull","high","gehan_breslow",0.5,118,0.574,0.574,10000,95,0.01,1.99,10000,1.64872127070013,0.8399,0.00366698772836779,-2.94185204587923,0.988198031461373,3.6633725,"legacy_unversioned","zhao-2020-table-simulations-task-118-of-120.rds",TRUE,"pooled_risk",TRUE,0.8399,0.00366698772836779,0.00494493680444958,0.2659,0.00615623253297014,0.0125659940450753,"discrepant",0.832582509856082,0.846956448051532,,
"table3","lognormal","high","gehan_breslow",0.5,119,0.703,0.703,10000,95,0.01,1.99,10000,1.64872127070013,0.8541,0.00353005934794303,-2.98050051108705,0.974151774636206,2.793582,"legacy_unversioned","zhao-2020-table-simulations-task-119-of-120.rds",TRUE,"pooled_risk",TRUE,0.8541,0.00353005934794303,0.00456936538263247,0.1511,0.00577411629602314,0.0118170599827512,"discrepant",0.847045229258015,0.860882823095871,,
"table3","loglogistic","high","gehan_breslow",0.5,120,0.569,0.569,10000,95,,,,,,,,,,,,FALSE,"pooled_risk",FALSE,,,0.00495216114438939,,,,"missing",,,,
